[
  {"model": "libreria.categoria", "pk": 1, "fields": {"nombre": "Novela", "descripcion": "Ficción narrativa larga"}},
  {"model": "libreria.categoria", "pk": 2, "fields": {"nombre": "Ciencia Ficción", "descripcion": "Ficción científica y futurista"}},
  {"model": "libreria.categoria", "pk": 3, "fields": {"nombre": "Historia", "descripcion": "Libros históricos y biográficos"}},
  {"model": "libreria.categoria", "pk": 4, "fields": {"nombre": "Filosofía", "descripcion": "Pensamiento y filosofía"}},
  {"model": "libreria.categoria", "pk": 5, "fields": {"nombre": "Tecnología", "descripcion": "Programación y tecnología"}},
  {"model": "libreria.categoria", "pk": 6, "fields": {"nombre": "Poesía", "descripcion": "Poemas y literatura poética"}},
  {"model": "libreria.categoria", "pk": 7, "fields": {"nombre": "Infantil", "descripcion": "Libros para niños"}},
  {"model": "libreria.categoria", "pk": 8, "fields": {"nombre": "Terror", "descripcion": "Suspenso y horror"}},

  {"model": "libreria.libro", "pk": 1,  "fields": {"titulo": "Cien años de soledad", "autor": "Gabriel García Márquez", "isbn": "9780307474728", "precio": "35000.00", "stock": 10, "stock_bajo": false, "descripcion": "La saga de la familia Buendía en el mítico pueblo de Macondo.", "imagen": "", "categoria": 1, "disponible": true, "creado_en": "2024-01-01T00:00:00Z", "actualizado_en": "2024-01-01T00:00:00Z"}},
  {"model": "libreria.libro", "pk": 2,  "fields": {"titulo": "El amor en los tiempos del cólera", "autor": "Gabriel García Márquez", "isbn": "9780307389732", "precio": "30000.00", "stock": 8, "stock_bajo": false, "descripcion": "Historia de amor que abarca más de medio siglo.", "imagen": "", "categoria": 1, "disponible": true, "creado_en": "2024-01-01T00:00:00Z", "actualizado_en": "2024-01-01T00:00:00Z"}},
  {"model": "libreria.libro", "pk": 3,  "fields": {"titulo": "1984", "autor": "George Orwell", "isbn": "9780451524935", "precio": "28000.00", "stock": 15, "stock_bajo": false, "descripcion": "Una distopía sobre el totalitarismo y la vigilancia estatal.", "imagen": "", "categoria": 2, "disponible": true, "creado_en": "2024-01-01T00:00:00Z", "actualizado_en": "2024-01-01T00:00:00Z"}},
  {"model": "libreria.libro", "pk": 4,  "fields": {"titulo": "Un mundo feliz", "autor": "Aldous Huxley", "isbn": "9780060850524", "precio": "27000.00", "stock": 12, "stock_bajo": false, "descripcion": "Sociedad futurista donde el placer controla a los ciudadanos.", "imagen": "", "categoria": 2, "disponible": true, "creado_en": "2024-01-01T00:00:00Z", "actualizado_en": "2024-01-01T00:00:00Z"}},
  {"model": "libreria.libro", "pk": 5,  "fields": {"titulo": "Fahrenheit 451", "autor": "Ray Bradbury", "isbn": "9781451673319", "precio": "25000.00", "stock": 9, "stock_bajo": false, "descripcion": "En un futuro donde los libros están prohibidos y se queman.", "imagen": "", "categoria": 2, "disponible": true, "creado_en": "2024-01-01T00:00:00Z", "actualizado_en": "2024-01-01T00:00:00Z"}},
  {"model": "libreria.libro", "pk": 6,  "fields": {"titulo": "Don Quijote de la Mancha", "autor": "Miguel de Cervantes", "isbn": "9788467032109", "precio": "40000.00", "stock": 6, "stock_bajo": false, "descripcion": "Las aventuras del ingenioso hidalgo don Quijote.", "imagen": "", "categoria": 1, "disponible": true, "creado_en": "2024-01-01T00:00:00Z", "actualizado_en": "2024-01-01T00:00:00Z"}},
  {"model": "libreria.libro", "pk": 7,  "fields": {"titulo": "La sombra del viento", "autor": "Carlos Ruiz Zafón", "isbn": "9788408163435", "precio": "32000.00", "stock": 11, "stock_bajo": false, "descripcion": "Misterio y romance en la Barcelona de posguerra.", "imagen": "", "categoria": 1, "disponible": true, "creado_en": "2024-01-01T00:00:00Z", "actualizado_en": "2024-01-01T00:00:00Z"}},
  {"model": "libreria.libro", "pk": 8,  "fields": {"titulo": "El principito", "autor": "Antoine de Saint-Exupéry", "isbn": "9788498381498", "precio": "18000.00", "stock": 20, "stock_bajo": false, "descripcion": "Un clásico universal sobre la amistad y los valores humanos.", "imagen": "", "categoria": 7, "disponible": true, "creado_en": "2024-01-01T00:00:00Z", "actualizado_en": "2024-01-01T00:00:00Z"}},
  {"model": "libreria.libro", "pk": 9,  "fields": {"titulo": "Sapiens", "autor": "Yuval Noah Harari", "isbn": "9780062316097", "precio": "38000.00", "stock": 14, "stock_bajo": false, "descripcion": "Breve historia de la humanidad desde los orígenes.", "imagen": "", "categoria": 3, "disponible": true, "creado_en": "2024-01-01T00:00:00Z", "actualizado_en": "2024-01-01T00:00:00Z"}},
  {"model": "libreria.libro", "pk": 10, "fields": {"titulo": "Homo Deus", "autor": "Yuval Noah Harari", "isbn": "9780062464316", "precio": "38000.00", "stock": 10, "stock_bajo": false, "descripcion": "El futuro de la humanidad y la inteligencia artificial.", "imagen": "", "categoria": 3, "disponible": true, "creado_en": "2024-01-01T00:00:00Z", "actualizado_en": "2024-01-01T00:00:00Z"}},
  {"model": "libreria.libro", "pk": 11, "fields": {"titulo": "El código Da Vinci", "autor": "Dan Brown", "isbn": "9780307474278", "precio": "29000.00", "stock": 13, "stock_bajo": false, "descripcion": "Thriller de misterio y religión alrededor del Louvre.", "imagen": "", "categoria": 1, "disponible": true, "creado_en": "2024-01-01T00:00:00Z", "actualizado_en": "2024-01-01T00:00:00Z"}},
  {"model": "libreria.libro", "pk": 12, "fields": {"titulo": "Harry Potter y la piedra filosofal", "autor": "J.K. Rowling", "isbn": "9788478884452", "precio": "32000.00", "stock": 25, "stock_bajo": false, "descripcion": "El inicio de las aventuras del joven mago Harry Potter.", "imagen": "", "categoria": 7, "disponible": true, "creado_en": "2024-01-01T00:00:00Z", "actualizado_en": "2024-01-01T00:00:00Z"}},
  {"model": "libreria.libro", "pk": 13, "fields": {"titulo": "El señor de los anillos", "autor": "J.R.R. Tolkien", "isbn": "9788445071656", "precio": "55000.00", "stock": 7, "stock_bajo": false, "descripcion": "La épica fantasía sobre la Tierra Media y el Anillo Único.", "imagen": "", "categoria": 1, "disponible": true, "creado_en": "2024-01-01T00:00:00Z", "actualizado_en": "2024-01-01T00:00:00Z"}},
  {"model": "libreria.libro", "pk": 14, "fields": {"titulo": "Crimen y castigo", "autor": "Fiódor Dostoyevski", "isbn": "9788420674919", "precio": "31000.00", "stock": 8, "stock_bajo": false, "descripcion": "La culpa y la redención de un estudiante ruso.", "imagen": "", "categoria": 1, "disponible": true, "creado_en": "2024-01-01T00:00:00Z", "actualizado_en": "2024-01-01T00:00:00Z"}},
  {"model": "libreria.libro", "pk": 15, "fields": {"titulo": "El proceso", "autor": "Franz Kafka", "isbn": "9788420633831", "precio": "26000.00", "stock": 5, "stock_bajo": false, "descripcion": "Josef K. es arrestado sin conocer su crimen.", "imagen": "", "categoria": 1, "disponible": true, "creado_en": "2024-01-01T00:00:00Z", "actualizado_en": "2024-01-01T00:00:00Z"}},
  {"model": "libreria.libro", "pk": 16, "fields": {"titulo": "La metamorfosis", "autor": "Franz Kafka", "isbn": "9788420633848", "precio": "22000.00", "stock": 9, "stock_bajo": false, "descripcion": "Gregor Samsa despierta convertido en un insecto gigante.", "imagen": "", "categoria": 1, "disponible": true, "creado_en": "2024-01-01T00:00:00Z", "actualizado_en": "2024-01-01T00:00:00Z"}},
  {"model": "libreria.libro", "pk": 17, "fields": {"titulo": "El alquimista", "autor": "Paulo Coelho", "isbn": "9780062315007", "precio": "27000.00", "stock": 18, "stock_bajo": false, "descripcion": "La historia de Santiago y su viaje hacia su leyenda personal.", "imagen": "", "categoria": 1, "disponible": true, "creado_en": "2024-01-01T00:00:00Z", "actualizado_en": "2024-01-01T00:00:00Z"}},
  {"model": "libreria.libro", "pk": 18, "fields": {"titulo": "Pedro Páramo", "autor": "Juan Rulfo", "isbn": "9788437604183", "precio": "24000.00", "stock": 7, "stock_bajo": false, "descripcion": "Juan Preciado viaja al pueblo de Comala en busca de su padre.", "imagen": "", "categoria": 1, "disponible": true, "creado_en": "2024-01-01T00:00:00Z", "actualizado_en": "2024-01-01T00:00:00Z"}},
  {"model": "libreria.libro", "pk": 19, "fields": {"titulo": "La casa de los espíritus", "autor": "Isabel Allende", "isbn": "9788401352836", "precio": "33000.00", "stock": 10, "stock_bajo": false, "descripcion": "Saga familiar chilena con elementos de realismo mágico.", "imagen": "", "categoria": 1, "disponible": true, "creado_en": "2024-01-01T00:00:00Z", "actualizado_en": "2024-01-01T00:00:00Z"}},
  {"model": "libreria.libro", "pk": 20, "fields": {"titulo": "Ficciones", "autor": "Jorge Luis Borges", "isbn": "9788420633800", "precio": "28000.00", "stock": 6, "stock_bajo": false, "descripcion": "Relatos fantásticos que exploran laberintos y bibliotecas infinitas.", "imagen": "", "categoria": 1, "disponible": true, "creado_en": "2024-01-01T00:00:00Z", "actualizado_en": "2024-01-01T00:00:00Z"}},
  {"model": "libreria.libro", "pk": 21, "fields": {"titulo": "Clean Code", "autor": "Robert C. Martin", "isbn": "9780132350884", "precio": "75000.00", "stock": 8, "stock_bajo": false, "descripcion": "Guía para escribir código limpio y mantenible.", "imagen": "", "categoria": 5, "disponible": true, "creado_en": "2024-01-01T00:00:00Z", "actualizado_en": "2024-01-01T00:00:00Z"}},
  {"model": "libreria.libro", "pk": 22, "fields": {"titulo": "The Pragmatic Programmer", "autor": "David Thomas", "isbn": "9780135957059", "precio": "80000.00", "stock": 6, "stock_bajo": false, "descripcion": "Consejos prácticos para programadores profesionales.", "imagen": "", "categoria": 5, "disponible": true, "creado_en": "2024-01-01T00:00:00Z", "actualizado_en": "2024-01-01T00:00:00Z"}},
  {"model": "libreria.libro", "pk": 23, "fields": {"titulo": "Python Crash Course", "autor": "Eric Matthes", "isbn": "9781593279288", "precio": "65000.00", "stock": 12, "stock_bajo": false, "descripcion": "Introducción práctica a la programación con Python.", "imagen": "", "categoria": 5, "disponible": true, "creado_en": "2024-01-01T00:00:00Z", "actualizado_en": "2024-01-01T00:00:00Z"}},
  {"model": "libreria.libro", "pk": 24, "fields": {"titulo": "Design Patterns", "autor": "Gang of Four", "isbn": "9780201633610", "precio": "90000.00", "stock": 4, "stock_bajo": false, "descripcion": "Patrones de diseño de software orientado a objetos.", "imagen": "", "categoria": 5, "disponible": true, "creado_en": "2024-01-01T00:00:00Z", "actualizado_en": "2024-01-01T00:00:00Z"}},
  {"model": "libreria.libro", "pk": 25, "fields": {"titulo": "Introduction to Algorithms", "autor": "Cormen Leiserson Rivest", "isbn": "9780262033848", "precio": "120000.00", "stock": 3, "stock_bajo": false, "descripcion": "El libro de referencia sobre algoritmos y estructuras de datos.", "imagen": "", "categoria": 5, "disponible": true, "creado_en": "2024-01-01T00:00:00Z", "actualizado_en": "2024-01-01T00:00:00Z"}},
  {"model": "libreria.libro", "pk": 26, "fields": {"titulo": "It", "autor": "Stephen King", "isbn": "9781501156700", "precio": "42000.00", "stock": 9, "stock_bajo": false, "descripcion": "El payaso Pennywise aterroriza el pueblo de Derry.", "imagen": "", "categoria": 8, "disponible": true, "creado_en": "2024-01-01T00:00:00Z", "actualizado_en": "2024-01-01T00:00:00Z"}},
  {"model": "libreria.libro", "pk": 27, "fields": {"titulo": "El resplandor", "autor": "Stephen King", "isbn": "9781501156704", "precio": "35000.00", "stock": 7, "stock_bajo": false, "descripcion": "Una familia queda atrapada en un hotel encantado.", "imagen": "", "categoria": 8, "disponible": true, "creado_en": "2024-01-01T00:00:00Z", "actualizado_en": "2024-01-01T00:00:00Z"}},
  {"model": "libreria.libro", "pk": 28, "fields": {"titulo": "Drácula", "autor": "Bram Stoker", "isbn": "9780486411095", "precio": "26000.00", "stock": 11, "stock_bajo": false, "descripcion": "La historia original del conde vampiro de Transilvania.", "imagen": "", "categoria": 8, "disponible": true, "creado_en": "2024-01-01T00:00:00Z", "actualizado_en": "2024-01-01T00:00:00Z"}},
  {"model": "libreria.libro", "pk": 29, "fields": {"titulo": "Frankenstein", "autor": "Mary Shelley", "isbn": "9780486282114", "precio": "24000.00", "stock": 8, "stock_bajo": false, "descripcion": "El científico Frankenstein crea vida con consecuencias terribles.", "imagen": "", "categoria": 8, "disponible": true, "creado_en": "2024-01-01T00:00:00Z", "actualizado_en": "2024-01-01T00:00:00Z"}},
  {"model": "libreria.libro", "pk": 30, "fields": {"titulo": "La llamada de Cthulhu", "autor": "H.P. Lovecraft", "isbn": "9788445003718", "precio": "28000.00", "stock": 6, "stock_bajo": false, "descripcion": "Cuentos de horror cósmico y criaturas primordiales.", "imagen": "", "categoria": 8, "disponible": true, "creado_en": "2024-01-01T00:00:00Z", "actualizado_en": "2024-01-01T00:00:00Z"}},
  {"model": "libreria.libro", "pk": 31, "fields": {"titulo": "La República", "autor": "Platón", "isbn": "9788420633817", "precio": "30000.00", "stock": 5, "stock_bajo": false, "descripcion": "El diálogo filosófico sobre la justicia y el Estado ideal.", "imagen": "", "categoria": 4, "disponible": true, "creado_en": "2024-01-01T00:00:00Z", "actualizado_en": "2024-01-01T00:00:00Z"}},
  {"model": "libreria.libro", "pk": 32, "fields": {"titulo": "Ética a Nicómaco", "autor": "Aristóteles", "isbn": "9788420633824", "precio": "28000.00", "stock": 4, "stock_bajo": false, "descripcion": "El tratado sobre la virtud, la felicidad y la vida buena.", "imagen": "", "categoria": 4, "disponible": true, "creado_en": "2024-01-01T00:00:00Z", "actualizado_en": "2024-01-01T00:00:00Z"}},
  {"model": "libreria.libro", "pk": 33, "fields": {"titulo": "El mundo como voluntad y representacion", "autor": "Arthur Schopenhauer", "isbn": "9788420636603", "precio": "45000.00", "stock": 3, "stock_bajo": false, "descripcion": "La visión pesimista del mundo y la voluntad de vivir.", "imagen": "", "categoria": 4, "disponible": true, "creado_en": "2024-01-01T00:00:00Z", "actualizado_en": "2024-01-01T00:00:00Z"}},
  {"model": "libreria.libro", "pk": 34, "fields": {"titulo": "Asi hablo Zaratustra", "autor": "Friedrich Nietzsche", "isbn": "9788420636610", "precio": "32000.00", "stock": 7, "stock_bajo": false, "descripcion": "El superhombre y la voluntad de poder en forma poética.", "imagen": "", "categoria": 4, "disponible": true, "creado_en": "2024-01-01T00:00:00Z", "actualizado_en": "2024-01-01T00:00:00Z"}},
  {"model": "libreria.libro", "pk": 35, "fields": {"titulo": "El ser y la nada", "autor": "Jean-Paul Sartre", "isbn": "9788420636627", "precio": "48000.00", "stock": 4, "stock_bajo": false, "descripcion": "Fundamento del existencialismo filosófico francés.", "imagen": "", "categoria": 4, "disponible": true, "creado_en": "2024-01-01T00:00:00Z", "actualizado_en": "2024-01-01T00:00:00Z"}},
  {"model": "libreria.libro", "pk": 36, "fields": {"titulo": "Dune", "autor": "Frank Herbert", "isbn": "9780441013593", "precio": "40000.00", "stock": 12, "stock_bajo": false, "descripcion": "Épica ciencia ficción en el planeta desértico Arrakis.", "imagen": "", "categoria": 2, "disponible": true, "creado_en": "2024-01-01T00:00:00Z", "actualizado_en": "2024-01-01T00:00:00Z"}},
  {"model": "libreria.libro", "pk": 37, "fields": {"titulo": "Fundacion", "autor": "Isaac Asimov", "isbn": "9780553293357", "precio": "35000.00", "stock": 9, "stock_bajo": false, "descripcion": "El colapso de un Imperio Galáctico y el plan para salvarlo.", "imagen": "", "categoria": 2, "disponible": true, "creado_en": "2024-01-01T00:00:00Z", "actualizado_en": "2024-01-01T00:00:00Z"}},
  {"model": "libreria.libro", "pk": 38, "fields": {"titulo": "Neuromante", "autor": "William Gibson", "isbn": "9780441569595", "precio": "33000.00", "stock": 6, "stock_bajo": false, "descripcion": "La novela fundacional del cyberpunk.", "imagen": "", "categoria": 2, "disponible": true, "creado_en": "2024-01-01T00:00:00Z", "actualizado_en": "2024-01-01T00:00:00Z"}},
  {"model": "libreria.libro", "pk": 39, "fields": {"titulo": "El marciano", "autor": "Andy Weir", "isbn": "9780553418026", "precio": "30000.00", "stock": 10, "stock_bajo": false, "descripcion": "Un astronauta queda atrapado solo en Marte.", "imagen": "", "categoria": 2, "disponible": true, "creado_en": "2024-01-01T00:00:00Z", "actualizado_en": "2024-01-01T00:00:00Z"}},
  {"model": "libreria.libro", "pk": 40, "fields": {"titulo": "Ender's Game", "autor": "Orson Scott Card", "isbn": "9780812550702", "precio": "28000.00", "stock": 8, "stock_bajo": false, "descripcion": "Un niño genio entrenado para salvar la humanidad.", "imagen": "", "categoria": 2, "disponible": true, "creado_en": "2024-01-01T00:00:00Z", "actualizado_en": "2024-01-01T00:00:00Z"}},
  {"model": "libreria.libro", "pk": 41, "fields": {"titulo": "Breve historia del tiempo", "autor": "Stephen Hawking", "isbn": "9780553380163", "precio": "35000.00", "stock": 10, "stock_bajo": false, "descripcion": "Los grandes misterios del universo explicados.", "imagen": "", "categoria": 3, "disponible": true, "creado_en": "2024-01-01T00:00:00Z", "actualizado_en": "2024-01-01T00:00:00Z"}},
  {"model": "libreria.libro", "pk": 42, "fields": {"titulo": "El origen de las especies", "autor": "Charles Darwin", "isbn": "9780140432053", "precio": "32000.00", "stock": 6, "stock_bajo": false, "descripcion": "La teoría de la evolución por selección natural.", "imagen": "", "categoria": 3, "disponible": true, "creado_en": "2024-01-01T00:00:00Z", "actualizado_en": "2024-01-01T00:00:00Z"}},
  {"model": "libreria.libro", "pk": 43, "fields": {"titulo": "Cosmos", "autor": "Carl Sagan", "isbn": "9780345539434", "precio": "38000.00", "stock": 9, "stock_bajo": false, "descripcion": "Un viaje por el universo y la ciencia.", "imagen": "", "categoria": 3, "disponible": true, "creado_en": "2024-01-01T00:00:00Z", "actualizado_en": "2024-01-01T00:00:00Z"}},
  {"model": "libreria.libro", "pk": 44, "fields": {"titulo": "El gen egoista", "autor": "Richard Dawkins", "isbn": "9780198788607", "precio": "34000.00", "stock": 7, "stock_bajo": false, "descripcion": "La evolución vista desde la perspectiva del gen.", "imagen": "", "categoria": 3, "disponible": true, "creado_en": "2024-01-01T00:00:00Z", "actualizado_en": "2024-01-01T00:00:00Z"}},
  {"model": "libreria.libro", "pk": 45, "fields": {"titulo": "Una breve historia de casi todo", "autor": "Bill Bryson", "isbn": "9780767908184", "precio": "36000.00", "stock": 8, "stock_bajo": false, "descripcion": "La ciencia explicada de forma accesible y entretenida.", "imagen": "", "categoria": 3, "disponible": true, "creado_en": "2024-01-01T00:00:00Z", "actualizado_en": "2024-01-01T00:00:00Z"}},
  {"model": "libreria.libro", "pk": 46, "fields": {"titulo": "Veinte poemas de amor", "autor": "Pablo Neruda", "isbn": "9788437601007", "precio": "20000.00", "stock": 15, "stock_bajo": false, "descripcion": "Los poemas de amor más célebres de la literatura en español.", "imagen": "", "categoria": 6, "disponible": true, "creado_en": "2024-01-01T00:00:00Z", "actualizado_en": "2024-01-01T00:00:00Z"}},
  {"model": "libreria.libro", "pk": 47, "fields": {"titulo": "Poeta en Nueva York", "autor": "Federico Garcia Lorca", "isbn": "9788437601533", "precio": "22000.00", "stock": 7, "stock_bajo": false, "descripcion": "Poemas escritos durante la estancia de Lorca en Nueva York.", "imagen": "", "categoria": 6, "disponible": true, "creado_en": "2024-01-01T00:00:00Z", "actualizado_en": "2024-01-01T00:00:00Z"}},
  {"model": "libreria.libro", "pk": 48, "fields": {"titulo": "Residencia en la tierra", "autor": "Pablo Neruda", "isbn": "9788437602486", "precio": "24000.00", "stock": 5, "stock_bajo": false, "descripcion": "Poemas surrealistas de profunda melancolía.", "imagen": "", "categoria": 6, "disponible": true, "creado_en": "2024-01-01T00:00:00Z", "actualizado_en": "2024-01-01T00:00:00Z"}},
  {"model": "libreria.libro", "pk": 49, "fields": {"titulo": "Antologia poetica", "autor": "Antonio Machado", "isbn": "9788437603582", "precio": "21000.00", "stock": 6, "stock_bajo": false, "descripcion": "Lo mejor de la poesía del gran poeta sevillano.", "imagen": "", "categoria": 6, "disponible": true, "creado_en": "2024-01-01T00:00:00Z", "actualizado_en": "2024-01-01T00:00:00Z"}},
  {"model": "libreria.libro", "pk": 50, "fields": {"titulo": "Hojas de hierba", "autor": "Walt Whitman", "isbn": "9780140421988", "precio": "26000.00", "stock": 4, "stock_bajo": false, "descripcion": "La obra maestra de la poesía americana.", "imagen": "", "categoria": 6, "disponible": true, "creado_en": "2024-01-01T00:00:00Z", "actualizado_en": "2024-01-01T00:00:00Z"}},
  {"model": "libreria.libro", "pk": 51, "fields": {"titulo": "Los detectives salvajes", "autor": "Roberto Bolano", "isbn": "9788433925121", "precio": "36000.00", "stock": 8, "stock_bajo": false, "descripcion": "Dos poetas mexicanos buscan a una poetisa desaparecida.", "imagen": "", "categoria": 1, "disponible": true, "creado_en": "2024-01-01T00:00:00Z", "actualizado_en": "2024-01-01T00:00:00Z"}},
  {"model": "libreria.libro", "pk": 52, "fields": {"titulo": "2666", "autor": "Roberto Bolano", "isbn": "9788433925138", "precio": "50000.00", "stock": 5, "stock_bajo": false, "descripcion": "La obra magna de Bolaño, un fresco del siglo XX.", "imagen": "", "categoria": 1, "disponible": true, "creado_en": "2024-01-01T00:00:00Z", "actualizado_en": "2024-01-01T00:00:00Z"}},
  {"model": "libreria.libro", "pk": 53, "fields": {"titulo": "El tunel", "autor": "Ernesto Sabato", "isbn": "9788423354580", "precio": "25000.00", "stock": 9, "stock_bajo": false, "descripcion": "La obsesión de un pintor por una mujer.", "imagen": "", "categoria": 1, "disponible": true, "creado_en": "2024-01-01T00:00:00Z", "actualizado_en": "2024-01-01T00:00:00Z"}},
  {"model": "libreria.libro", "pk": 54, "fields": {"titulo": "Rayuela", "autor": "Julio Cortazar", "isbn": "9788437604176", "precio": "34000.00", "stock": 7, "stock_bajo": false, "descripcion": "Una novela experimental que puede leerse en múltiples órdenes.", "imagen": "", "categoria": 1, "disponible": true, "creado_en": "2024-01-01T00:00:00Z", "actualizado_en": "2024-01-01T00:00:00Z"}},
  {"model": "libreria.libro", "pk": 55, "fields": {"titulo": "La ciudad y los perros", "autor": "Mario Vargas Llosa", "isbn": "9788437601014", "precio": "33000.00", "stock": 8, "stock_bajo": false, "descripcion": "La vida en un colegio militar de Lima.", "imagen": "", "categoria": 1, "disponible": true, "creado_en": "2024-01-01T00:00:00Z", "actualizado_en": "2024-01-01T00:00:00Z"}},
  {"model": "libreria.libro", "pk": 56, "fields": {"titulo": "Terra Nostra", "autor": "Carlos Fuentes", "isbn": "9789681604998", "precio": "45000.00", "stock": 4, "stock_bajo": false, "descripcion": "Un monumental fresco histórico de la civilización hispánica.", "imagen": "", "categoria": 3, "disponible": true, "creado_en": "2024-01-01T00:00:00Z", "actualizado_en": "2024-01-01T00:00:00Z"}},
  {"model": "libreria.libro", "pk": 57, "fields": {"titulo": "La voragine", "autor": "Jose Eustasio Rivera", "isbn": "9789587440119", "precio": "28000.00", "stock": 6, "stock_bajo": false, "descripcion": "Aventura en la selva amazónica colombiana.", "imagen": "", "categoria": 1, "disponible": true, "creado_en": "2024-01-01T00:00:00Z", "actualizado_en": "2024-01-01T00:00:00Z"}},
  {"model": "libreria.libro", "pk": 58, "fields": {"titulo": "Maria", "autor": "Jorge Isaacs", "isbn": "9789587440126", "precio": "25000.00", "stock": 7, "stock_bajo": false, "descripcion": "El clásico romántico colombiano del siglo XIX.", "imagen": "", "categoria": 1, "disponible": true, "creado_en": "2024-01-01T00:00:00Z", "actualizado_en": "2024-01-01T00:00:00Z"}},
  {"model": "libreria.libro", "pk": 59, "fields": {"titulo": "El coronel no tiene quien le escriba", "autor": "Gabriel Garcia Marquez", "isbn": "9780060882679", "precio": "22000.00", "stock": 11, "stock_bajo": false, "descripcion": "Un coronel espera durante años una pensión que nunca llega.", "imagen": "", "categoria": 1, "disponible": true, "creado_en": "2024-01-01T00:00:00Z", "actualizado_en": "2024-01-01T00:00:00Z"}},
  {"model": "libreria.libro", "pk": 60, "fields": {"titulo": "El otono del patriarca", "autor": "Gabriel Garcia Marquez", "isbn": "9780060882648", "precio": "30000.00", "stock": 8, "stock_bajo": false, "descripcion": "El retrato de un dictador latinoamericano.", "imagen": "", "categoria": 1, "disponible": true, "creado_en": "2024-01-01T00:00:00Z", "actualizado_en": "2024-01-01T00:00:00Z"}},
  {"model": "libreria.libro", "pk": 61, "fields": {"titulo": "Orgullo y prejuicio", "autor": "Jane Austen", "isbn": "9780141439518", "precio": "27000.00", "stock": 14, "stock_bajo": false, "descripcion": "La historia de amor entre Elizabeth Bennet y el Sr. Darcy.", "imagen": "", "categoria": 1, "disponible": true, "creado_en": "2024-01-01T00:00:00Z", "actualizado_en": "2024-01-01T00:00:00Z"}},
  {"model": "libreria.libro", "pk": 62, "fields": {"titulo": "Cumbres borrascosas", "autor": "Emily Bronte", "isbn": "9780141439556", "precio": "26000.00", "stock": 9, "stock_bajo": false, "descripcion": "La apasionada historia de Heathcliff y Catherine.", "imagen": "", "categoria": 1, "disponible": true, "creado_en": "2024-01-01T00:00:00Z", "actualizado_en": "2024-01-01T00:00:00Z"}},
  {"model": "libreria.libro", "pk": 63, "fields": {"titulo": "Anna Karenina", "autor": "Leon Tolstoi", "isbn": "9780143035008", "precio": "38000.00", "stock": 7, "stock_bajo": false, "descripcion": "La trágica historia de una mujer de la aristocracia rusa.", "imagen": "", "categoria": 1, "disponible": true, "creado_en": "2024-01-01T00:00:00Z", "actualizado_en": "2024-01-01T00:00:00Z"}},
  {"model": "libreria.libro", "pk": 64, "fields": {"titulo": "Guerra y paz", "autor": "Leon Tolstoi", "isbn": "9780143039990", "precio": "55000.00", "stock": 5, "stock_bajo": false, "descripcion": "La epopeya de la invasión napoleónica de Rusia.", "imagen": "", "categoria": 3, "disponible": true, "creado_en": "2024-01-01T00:00:00Z", "actualizado_en": "2024-01-01T00:00:00Z"}},
  {"model": "libreria.libro", "pk": 65, "fields": {"titulo": "Madame Bovary", "autor": "Gustave Flaubert", "isbn": "9780140449129", "precio": "28000.00", "stock": 8, "stock_bajo": false, "descripcion": "Emma Bovary busca escapar de su aburrida vida provincial.", "imagen": "", "categoria": 1, "disponible": true, "creado_en": "2024-01-01T00:00:00Z", "actualizado_en": "2024-01-01T00:00:00Z"}},
  {"model": "libreria.libro", "pk": 66, "fields": {"titulo": "Los miserables", "autor": "Victor Hugo", "isbn": "9780140444308", "precio": "48000.00", "stock": 9, "stock_bajo": false, "descripcion": "Jean Valjean y su redención en la Francia del siglo XIX.", "imagen": "", "categoria": 1, "disponible": true, "creado_en": "2024-01-01T00:00:00Z", "actualizado_en": "2024-01-01T00:00:00Z"}},
  {"model": "libreria.libro", "pk": 67, "fields": {"titulo": "El gran Gatsby", "autor": "F. Scott Fitzgerald", "isbn": "9780743273565", "precio": "26000.00", "stock": 12, "stock_bajo": false, "descripcion": "El sueño americano y la decadencia en los años 20.", "imagen": "", "categoria": 1, "disponible": true, "creado_en": "2024-01-01T00:00:00Z", "actualizado_en": "2024-01-01T00:00:00Z"}},
  {"model": "libreria.libro", "pk": 68, "fields": {"titulo": "Por quien doblan las campanas", "autor": "Ernest Hemingway", "isbn": "9780684803357", "precio": "30000.00", "stock": 7, "stock_bajo": false, "descripcion": "La Guerra Civil Española a través de los ojos de un americano.", "imagen": "", "categoria": 3, "disponible": true, "creado_en": "2024-01-01T00:00:00Z", "actualizado_en": "2024-01-01T00:00:00Z"}},
  {"model": "libreria.libro", "pk": 69, "fields": {"titulo": "El viejo y el mar", "autor": "Ernest Hemingway", "isbn": "9780684801223", "precio": "22000.00", "stock": 13, "stock_bajo": false, "descripcion": "La lucha de un viejo pescador cubano contra un gran marlín.", "imagen": "", "categoria": 1, "disponible": true, "creado_en": "2024-01-01T00:00:00Z", "actualizado_en": "2024-01-01T00:00:00Z"}},
  {"model": "libreria.libro", "pk": 70, "fields": {"titulo": "Ulises", "autor": "James Joyce", "isbn": "9780199535675", "precio": "45000.00", "stock": 4, "stock_bajo": false, "descripcion": "Un día en la vida de Leopold Bloom en Dublín.", "imagen": "", "categoria": 1, "disponible": true, "creado_en": "2024-01-01T00:00:00Z", "actualizado_en": "2024-01-01T00:00:00Z"}},
  {"model": "libreria.libro", "pk": 71, "fields": {"titulo": "El nombre de la rosa", "autor": "Umberto Eco", "isbn": "9780156001311", "precio": "35000.00", "stock": 8, "stock_bajo": false, "descripcion": "Misterio medieval en un monasterio benedictino.", "imagen": "", "categoria": 1, "disponible": true, "creado_en": "2024-01-01T00:00:00Z", "actualizado_en": "2024-01-01T00:00:00Z"}},
  {"model": "libreria.libro", "pk": 72, "fields": {"titulo": "El perfume", "autor": "Patrick Suskind", "isbn": "9780375725296", "precio": "28000.00", "stock": 10, "stock_bajo": false, "descripcion": "Un asesino en serie que busca el perfume perfecto.", "imagen": "", "categoria": 1, "disponible": true, "creado_en": "2024-01-01T00:00:00Z", "actualizado_en": "2024-01-01T00:00:00Z"}},
  {"model": "libreria.libro", "pk": 73, "fields": {"titulo": "Tokio Blues", "autor": "Haruki Murakami", "isbn": "9788483835043", "precio": "30000.00", "stock": 11, "stock_bajo": false, "descripcion": "Una historia de amor y pérdida en el Tokio de los 60.", "imagen": "", "categoria": 1, "disponible": true, "creado_en": "2024-01-01T00:00:00Z", "actualizado_en": "2024-01-01T00:00:00Z"}},
  {"model": "libreria.libro", "pk": 74, "fields": {"titulo": "Kafka en la orilla", "autor": "Haruki Murakami", "isbn": "9788483835050", "precio": "32000.00", "stock": 9, "stock_bajo": false, "descripcion": "Dos historias paralelas llenas de magia y simbolismo.", "imagen": "", "categoria": 1, "disponible": true, "creado_en": "2024-01-01T00:00:00Z", "actualizado_en": "2024-01-01T00:00:00Z"}},
  {"model": "libreria.libro", "pk": 75, "fields": {"titulo": "Cancion de hielo y fuego", "autor": "George R.R. Martin", "isbn": "9780553381689", "precio": "45000.00", "stock": 15, "stock_bajo": false, "descripcion": "La guerra por el trono de los Siete Reinos.", "imagen": "", "categoria": 1, "disponible": true, "creado_en": "2024-01-01T00:00:00Z", "actualizado_en": "2024-01-01T00:00:00Z"}},
  {"model": "libreria.libro", "pk": 76, "fields": {"titulo": "El hobbit", "autor": "J.R.R. Tolkien", "isbn": "9780261102217", "precio": "32000.00", "stock": 18, "stock_bajo": false, "descripcion": "La aventura de Bilbo Bolsón con los enanos y el dragón Smaug.", "imagen": "", "categoria": 7, "disponible": true, "creado_en": "2024-01-01T00:00:00Z", "actualizado_en": "2024-01-01T00:00:00Z"}},
  {"model": "libreria.libro", "pk": 77, "fields": {"titulo": "Las cronicas de Narnia", "autor": "C.S. Lewis", "isbn": "9780066238500", "precio": "38000.00", "stock": 12, "stock_bajo": false, "descripcion": "Las aventuras de los niños Pevensie en el mundo mágico de Narnia.", "imagen": "", "categoria": 7, "disponible": true, "creado_en": "2024-01-01T00:00:00Z", "actualizado_en": "2024-01-01T00:00:00Z"}},
  {"model": "libreria.libro", "pk": 78, "fields": {"titulo": "Momo", "autor": "Michael Ende", "isbn": "9788420464084", "precio": "26000.00", "stock": 10, "stock_bajo": false, "descripcion": "Una niña lucha contra los hombres grises que roban el tiempo.", "imagen": "", "categoria": 7, "disponible": true, "creado_en": "2024-01-01T00:00:00Z", "actualizado_en": "2024-01-01T00:00:00Z"}},
  {"model": "libreria.libro", "pk": 79, "fields": {"titulo": "La historia interminable", "autor": "Michael Ende", "isbn": "9788420464091", "precio": "28000.00", "stock": 9, "stock_bajo": false, "descripcion": "Bastian entra en el mundo de Fantasía a través de un libro.", "imagen": "", "categoria": 7, "disponible": true, "creado_en": "2024-01-01T00:00:00Z", "actualizado_en": "2024-01-01T00:00:00Z"}},
  {"model": "libreria.libro", "pk": 80, "fields": {"titulo": "Thinking Fast and Slow", "autor": "Daniel Kahneman", "isbn": "9780374533557", "precio": "42000.00", "stock": 7, "stock_bajo": false, "descripcion": "Los dos sistemas del pensamiento humano.", "imagen": "", "categoria": 3, "disponible": true, "creado_en": "2024-01-01T00:00:00Z", "actualizado_en": "2024-01-01T00:00:00Z"}},
  {"model": "libreria.libro", "pk": 81, "fields": {"titulo": "El poder del ahora", "autor": "Eckhart Tolle", "isbn": "9781577314806", "precio": "30000.00", "stock": 11, "stock_bajo": false, "descripcion": "Guía espiritual para vivir en el presente.", "imagen": "", "categoria": 4, "disponible": true, "creado_en": "2024-01-01T00:00:00Z", "actualizado_en": "2024-01-01T00:00:00Z"}},
  {"model": "libreria.libro", "pk": 82, "fields": {"titulo": "Los cuatro acuerdos", "autor": "Miguel Ruiz", "isbn": "9781878424310", "precio": "25000.00", "stock": 14, "stock_bajo": false, "descripcion": "Sabiduría tolteca para la libertad personal.", "imagen": "", "categoria": 4, "disponible": true, "creado_en": "2024-01-01T00:00:00Z", "actualizado_en": "2024-01-01T00:00:00Z"}},
  {"model": "libreria.libro", "pk": 83, "fields": {"titulo": "Atomic Habits", "autor": "James Clear", "isbn": "9780735211292", "precio": "38000.00", "stock": 16, "stock_bajo": false, "descripcion": "Como construir buenos hábitos y eliminar los malos.", "imagen": "", "categoria": 3, "disponible": true, "creado_en": "2024-01-01T00:00:00Z", "actualizado_en": "2024-01-01T00:00:00Z"}},
  {"model": "libreria.libro", "pk": 84, "fields": {"titulo": "El hombre en busca de sentido", "autor": "Viktor Frankl", "isbn": "9780807014271", "precio": "28000.00", "stock": 12, "stock_bajo": false, "descripcion": "Experiencias en los campos de concentración nazis.", "imagen": "", "categoria": 4, "disponible": true, "creado_en": "2024-01-01T00:00:00Z", "actualizado_en": "2024-01-01T00:00:00Z"}},
  {"model": "libreria.libro", "pk": 85, "fields": {"titulo": "La inteligencia emocional", "autor": "Daniel Goleman", "isbn": "9780553383713", "precio": "32000.00", "stock": 10, "stock_bajo": false, "descripcion": "Por que la inteligencia emocional importa más que el IQ.", "imagen": "", "categoria": 3, "disponible": true, "creado_en": "2024-01-01T00:00:00Z", "actualizado_en": "2024-01-01T00:00:00Z"}},
  {"model": "libreria.libro", "pk": 86, "fields": {"titulo": "JavaScript The Good Parts", "autor": "Douglas Crockford", "isbn": "9780596517748", "precio": "55000.00", "stock": 5, "stock_bajo": false, "descripcion": "Las partes esenciales del lenguaje JavaScript.", "imagen": "", "categoria": 5, "disponible": true, "creado_en": "2024-01-01T00:00:00Z", "actualizado_en": "2024-01-01T00:00:00Z"}},
  {"model": "libreria.libro", "pk": 87, "fields": {"titulo": "You Don't Know JS", "autor": "Kyle Simpson", "isbn": "9781491924464", "precio": "60000.00", "stock": 6, "stock_bajo": false, "descripcion": "Profundiza en los mecanismos del lenguaje JavaScript.", "imagen": "", "categoria": 5, "disponible": true, "creado_en": "2024-01-01T00:00:00Z", "actualizado_en": "2024-01-01T00:00:00Z"}},
  {"model": "libreria.libro", "pk": 88, "fields": {"titulo": "Django for Professionals", "autor": "William S. Vincent", "isbn": "9781081584771", "precio": "70000.00", "stock": 4, "stock_bajo": false, "descripcion": "Desarrollo web profesional con Django.", "imagen": "", "categoria": 5, "disponible": true, "creado_en": "2024-01-01T00:00:00Z", "actualizado_en": "2024-01-01T00:00:00Z"}},
  {"model": "libreria.libro", "pk": 89, "fields": {"titulo": "Two Scoops of Django", "autor": "Audrey Roy Greenfeld", "isbn": "9780692915721", "precio": "68000.00", "stock": 5, "stock_bajo": false, "descripcion": "Mejores prácticas para desarrollo con Django.", "imagen": "", "categoria": 5, "disponible": true, "creado_en": "2024-01-01T00:00:00Z", "actualizado_en": "2024-01-01T00:00:00Z"}},
  {"model": "libreria.libro", "pk": 90, "fields": {"titulo": "El maestro y Margarita", "autor": "Mijail Bulgakov", "isbn": "9780141180144", "precio": "32000.00", "stock": 8, "stock_bajo": false, "descripcion": "El diablo visita Moscú soviético con resultados caóticos.", "imagen": "", "categoria": 1, "disponible": true, "creado_en": "2024-01-01T00:00:00Z", "actualizado_en": "2024-01-01T00:00:00Z"}},
  {"model": "libreria.libro", "pk": 91, "fields": {"titulo": "Beloved", "autor": "Toni Morrison", "isbn": "9781400033416", "precio": "28000.00", "stock": 7, "stock_bajo": false, "descripcion": "La herencia del esclavismo en la América post-guerra civil.", "imagen": "", "categoria": 1, "disponible": true, "creado_en": "2024-01-01T00:00:00Z", "actualizado_en": "2024-01-01T00:00:00Z"}},
  {"model": "libreria.libro", "pk": 92, "fields": {"titulo": "El gran Dictador", "autor": "Stefan Zweig", "isbn": "9788492663591", "precio": "29000.00", "stock": 6, "stock_bajo": false, "descripcion": "Relatos de la Europa en crisis del siglo XX.", "imagen": "", "categoria": 3, "disponible": true, "creado_en": "2024-01-01T00:00:00Z", "actualizado_en": "2024-01-01T00:00:00Z"}},
  {"model": "libreria.libro", "pk": 93, "fields": {"titulo": "El jugador", "autor": "Fiodor Dostoyevski", "isbn": "9788420635392", "precio": "26000.00", "stock": 6, "stock_bajo": false, "descripcion": "La adicción al juego en los casinos europeos del siglo XIX.", "imagen": "", "categoria": 1, "disponible": true, "creado_en": "2024-01-01T00:00:00Z", "actualizado_en": "2024-01-01T00:00:00Z"}},
  {"model": "libreria.libro", "pk": 94, "fields": {"titulo": "Lolita", "autor": "Vladimir Nabokov", "isbn": "9780679723165", "precio": "30000.00", "stock": 7, "stock_bajo": false, "descripcion": "Una de las novelas más controversiales y estilísticamente brillantes.", "imagen": "", "categoria": 1, "disponible": true, "creado_en": "2024-01-01T00:00:00Z", "actualizado_en": "2024-01-01T00:00:00Z"}},
  {"model": "libreria.libro", "pk": 95, "fields": {"titulo": "El conde de Montecristo", "autor": "Alexandre Dumas", "isbn": "9780140449266", "precio": "48000.00", "stock": 9, "stock_bajo": false, "descripcion": "La historia de venganza de Edmond Dantes.", "imagen": "", "categoria": 1, "disponible": true, "creado_en": "2024-01-01T00:00:00Z", "actualizado_en": "2024-01-01T00:00:00Z"}},
  {"model": "libreria.libro", "pk": 96, "fields": {"titulo": "Los tres mosqueteros", "autor": "Alexandre Dumas", "isbn": "9780140440737", "precio": "36000.00", "stock": 10, "stock_bajo": false, "descripcion": "Las aventuras de D'Artagnan y los tres mosqueteros del rey.", "imagen": "", "categoria": 1, "disponible": true, "creado_en": "2024-01-01T00:00:00Z", "actualizado_en": "2024-01-01T00:00:00Z"}},
  {"model": "libreria.libro", "pk": 97, "fields": {"titulo": "El retrato de Dorian Gray", "autor": "Oscar Wilde", "isbn": "9780141439570", "precio": "26000.00", "stock": 11, "stock_bajo": false, "descripcion": "Un hombre joven que vende su alma por la eterna juventud.", "imagen": "", "categoria": 1, "disponible": true, "creado_en": "2024-01-01T00:00:00Z", "actualizado_en": "2024-01-01T00:00:00Z"}},
  {"model": "libreria.libro", "pk": 98, "fields": {"titulo": "El corazon de las tinieblas", "autor": "Joseph Conrad", "isbn": "9780486264646", "precio": "24000.00", "stock": 5, "stock_bajo": false, "descripcion": "Un viaje por el Congo y la oscuridad del colonialismo.", "imagen": "", "categoria": 3, "disponible": true, "creado_en": "2024-01-01T00:00:00Z", "actualizado_en": "2024-01-01T00:00:00Z"}},
  {"model": "libreria.libro", "pk": 99, "fields": {"titulo": "Siddhartha", "autor": "Hermann Hesse", "isbn": "9780553208849", "precio": "22000.00", "stock": 9, "stock_bajo": false, "descripcion": "El camino espiritual de un joven hacia la iluminación.", "imagen": "", "categoria": 4, "disponible": true, "creado_en": "2024-01-01T00:00:00Z", "actualizado_en": "2024-01-01T00:00:00Z"}},
  {"model": "libreria.libro", "pk": 100, "fields": {"titulo": "El lobo estepario", "autor": "Hermann Hesse", "isbn": "9780312278670", "precio": "27000.00", "stock": 7, "stock_bajo": false, "descripcion": "Harry Haller y su lucha entre el mundo burgués y el espiritual.", "imagen": "", "categoria": 1, "disponible": true, "creado_en": "2024-01-01T00:00:00Z", "actualizado_en": "2024-01-01T00:00:00Z"}},

  {"model": "auth.user", "pk": 2, "fields": {"password": "pbkdf2_sha256$600000$abc123$AAAAAAAAAAAAAAAAAAAAAAAAAAAAAAAAAAAAAAAAAAA=", "last_login": null, "is_superuser": false, "username": "trabajador1", "first_name": "Sara", "last_name": "Forero", "email": "sara.forero@libreria.com", "is_staff": true, "is_active": true, "date_joined": "2024-01-01T00:00:00Z", "groups": [], "user_permissions": []}},
  {"model": "auth.user", "pk": 3, "fields": {"password": "pbkdf2_sha256$600000$abc456$BBBBBBBBBBBBBBBBBBBBBBBBBBBBBBBBBBBBBBBBBBB=", "last_login": null, "is_superuser": false, "username": "trabajador2", "first_name": "Daniel", "last_name": "Diaz", "email": "daniel.diaz@libreria.com", "is_staff": true, "is_active": true, "date_joined": "2024-01-01T00:00:00Z", "groups": [], "user_permissions": []}}
]